"","Filename","jar","run","day","S","TA_mmolL","fragment_ID"
"1","Alkalinity_preT7_5_01_08_19_09_26_13","1","1","8",35.4,2.59834962214265,"PveF1_AcyB1_PruD1"
"2","Alkalinity_preT7_5_01_08_19_09_34_08","2","1","8",35.4,2.61649528221561,"PveA1_AcyD1_PruE2"
"3","Alkalinity_preT7_5_01_08_19_09_41_01","3","1","8",35.4,2.60589245778477,"PveB1_AcyA1_PruA1"
"4","Alkalinity_preT7_5_01_08_19_09_48_13","4","1","8",35.4,2.62872183507979,"PdaA1_MdiC1_PloB1"
"5","Alkalinity_preT7_5_01_08_19_09_55_14","5","1","8",35.4,2.60557965427573,"PdaB1_MdiA1_PloC1"
"6","Alkalinity_preT7_5_01_08_19_10_02_40","6","1","8",35.4,2.64273222807253,"PdaD1_MdiD1_PloD1"
"7","Alkalinity_preT7_5_01_08_19_10_10_46","7","1","8",35.4,2.62143679357472,"SpiA1_AmuD1_PcyB1"
"8","Alkalinity_preT7_5_01_08_19_10_18_47","8","1","8",35.4,2.60955224587043,"SpiB1_AmuB1_PcyC1"
"9","Alkalinity_preT7_5_01_08_19_10_25_20","9","1","8",35.4,2.62358571942415,"SpiD1_AmuA1_PcyA1"
"10","Alkalinity_preT7_5_01_08_19_10_32_18","10","1","8",35.4,2.66818332998797,"control"
"11","Alkalinity_preT7_5_01_08_19_11_22_32","1","2","8",35.4,2.59643169335595,"PveF3_AcyB3_PruD3"
"12","Alkalinity_preT7_5_01_08_19_11_29_50","2","2","8",35.4,2.60984932703558,"PveA2_AcyD2_PruE3"
"13","Alkalinity_preT7_5_01_08_19_11_38_05","3","2","8",35.4,2.59889632778634,"PveB3_AcyA2_PruA3"
"14","Alkalinity_preT7_5_01_08_19_11_44_47","4","2","8",35.4,2.61758914486462,"PdaA2_MdiC3_PloB2"
"15","Alkalinity_preT7_5_01_08_19_11_50_42","5","2","8",35.4,2.59691124891398,"PdaB2_MdiA3_PloC2"
"16","Alkalinity_preT7_5_01_08_19_11_58_56","6","2","8",35.4,2.61796287443179,"PdaD2_MdiD3_PloD2"
"17","Alkalinity_preT7_5_01_08_19_12_05_44","7","2","8",35.4,2.59607707117985,"SpiA2_AmuD2_PcyB2"
"18","Alkalinity_preT7_5_01_08_19_12_14_08","8","2","8",35.4,2.59468799640581,"SpiB2_AmuB2_PcyC3"
"19","Alkalinity_preT7_5_01_08_19_12_23_56","9","2","8",35.4,2.60008021222106,"SpiD2_AmuA2_PcyA2"
"20","Alkalinity_preT7_5_01_08_19_12_30_16","10","2","8",35.4,2.65030480909911,"control"
"21","Alkalinity_preT7_5_01_08_19_13_30_01","1","3","8",35.4,2.58665611363567,"PveF4_AcyB4_PruD4"
"22","Alkalinity_preT7_5_01_08_19_13_41_00","2","3","8",35.4,2.60341174497727,"PveA4_AcyD3_PruE4"
"23","Alkalinity_preT7_5_01_08_19_13_50_19","3","3","8",35.4,2.57901291610772,"PveB4_AcyA3_PruA4"
"24","Alkalinity_preT7_5_01_08_19_13_57_59","4","3","8",35.4,2.59195231029333,"PdaA4_MdiC4_PloB3"
"25","Alkalinity_preT7_5_01_08_19_14_04_34","5","3","8",35.4,2.56529966557179,"PdaB4_MdiA4_PloC3"
"26","Alkalinity_preT7_5_01_08_19_14_10_30","6","3","8",35.4,2.59825030765566,"PdaD4_MdiD4_PloD3"
"27","Alkalinity_preT7_5_01_08_19_14_17_37","7","3","8",35.4,2.57311486079813,"SpiA4_AmuD3_PcyB4"
"28","Alkalinity_preT7_5_01_08_19_14_25_05","8","3","8",35.4,2.5873286687514,"SpiB3_AmuB4_PcyC4"
"29","Alkalinity_preT7_5_01_08_19_14_31_39","9","3","8",35.4,2.57562455681052,"SpiD4_AmuA3_PcyA4"
"30","Alkalinity_preT7_5_01_08_19_14_38_58","10","3","8",35.4,2.64322108129864,"control"
"31","Alkalinity_preT7_5_02_08_19_09_36_53","1","1","9",35.5,2.6039306079182,"PveF1_MdiC1_PcyB1"
"32","Alkalinity_preT7_5_02_08_19_09_47_21","2","1","9",35.5,2.58306468184418,"PveA1_MdiA1_PcyC1"
"33","Alkalinity_preT7_5_02_08_19_09_55_10","3","1","9",35.5,2.58728652717854,"PveB1_MdiD1_PcyA1"
"34","Alkalinity_preT7_5_02_08_19_10_02_15","4","1","9",35.5,2.65946710031789,"PdaA1_AmuD1_PruD1"
"35","Alkalinity_preT7_5_02_08_19_10_15_12","5","1","9",35.5,2.63824538058977,"PdaB1_AmuB1_PruE2"
"36","Alkalinity_preT7_5_02_08_19_10_22_33","6","1","9",35.5,2.65603823828055,"PdaD1_AmuA1_PruA1"
"37","Alkalinity_preT7_5_02_08_19_10_29_17","7","1","9",35.5,2.63038029840708,"SpiA1_AcyB1_PloB1"
"38","Alkalinity_preT7_5_02_08_19_10_36_11","8","1","9",35.5,2.60587849660759,"SpiB1_AcyD1_PloC1"
"39","Alkalinity_preT7_5_02_08_19_10_45_42","9","1","9",35.5,2.63718893471542,"SpiD1_AcyA1_PloD1"
"40","Alkalinity_preT7_5_02_08_19_10_53_09","10","1","9",35.5,2.67005469507247,"control"
"41","Alkalinity_preT7_5_02_08_19_11_58_31","1","2","9",35.5,2.59183702647993,"PveF3_MdiC3_PcyB2"
"42","Alkalinity_preT7_5_02_08_19_12_07_13","2","2","9",35.5,2.59157296099073,"PveA2_MdiA3_PcyC3"
"43","Alkalinity_preT7_5_02_08_19_12_13_42","3","2","9",35.5,2.5925485794979,"PveB3_MdiD3_PcyA2"
"44","Alkalinity_preT7_5_02_08_19_12_19_51","4","2","9",35.5,2.64933756969745,"PdaA2_AmuD2_PruD3"
"45","Alkalinity_preT7_5_02_08_19_12_27_04","5","2","9",35.5,2.62916991342762,"PdaB2_AmuB2_PruE3"
"46","Alkalinity_preT7_5_02_08_19_12_37_42","6","2","9",35.5,2.62448789873765,"PdaD2_AmuA2_PruA3"
"47","Alkalinity_preT7_5_02_08_19_12_47_51","7","2","9",35.5,2.62646896407894,"SpiA2_AcyB3_PloB2"
"48","Alkalinity_preT7_5_02_08_19_12_54_14","8","2","9",35.5,2.59510011086895,"SpiB2_AcyD2_PloC2"
"49","Alkalinity_preT7_5_02_08_19_13_00_43","9","2","9",35.5,2.61537584244188,"SpiD2_AcyA2_PloD2"
"50","Alkalinity_preT7_5_02_08_19_14_11_11","10","2","9",35.5,2.68611786330793,"control"
"51","Alkalinity_preT7_5_02_08_19_14_53_10","1","3","9",35.5,2.59945123451714,"PveF4_MdiC4_PcyB4"
"52","Alkalinity_preT7_5_02_08_19_15_01_58","2","3","9",35.5,2.59061997451856,"PveA4_MdiA4_PcyC4"
"53","Alkalinity_preT7_5_02_08_19_15_08_19","3","3","9",35.5,2.59025448474772,"PveB4_MdiD4_PcyA4"
"54","Alkalinity_preT7_5_02_08_19_15_15_11","4","3","9",35.5,2.64833871241196,"PdaA4_AmuD3_PruD4"
"55","Alkalinity_preT7_5_02_08_19_15_23_02","5","3","9",35.5,2.63735609941185,"PdaB4_AmuB4_PruE4"
"56","Alkalinity_preT7_5_02_08_19_15_31_57","6","3","9",35.5,2.64034895562019,"PdaD4_AmuA3_PruA4"
"57","Alkalinity_preT7_5_02_08_19_15_38_25","7","3","9",35.5,2.60332582689996,"SpiA4_AcyB4_PloB3"
"58","Alkalinity_preT7_5_02_08_19_15_44_57","8","3","9",35.5,2.62723440864847,"SpiB3_AcyD3_PloC3"
"59","Alkalinity_preT7_5_02_08_19_15_51_26","9","3","9",35.5,2.6178352458072,"SpiD4_AcyA3_PloD3"
"60","Alkalinity_preT7_5_02_08_19_15_59_42","10","3","9",35.5,2.65610344440131,"control"
"61","Alkalinity_preT7_5_03_08_19_10_02_00","1","1","10",35.6,2.62776035928105,"PveF3"
"62","Alkalinity_preT7_5_03_08_19_10_10_43","2","1","10",35.6,2.63391968519147,"PveA2"
"63","Alkalinity_preT7_5_03_08_19_10_17_52","3","1","10",35.6,2.63100159569854,"PveB3"
"64","Alkalinity_preT7_5_03_08_19_10_24_59","4","1","10",35.6,2.66553421966976,"AmuD2"
"65","Alkalinity_preT7_5_03_08_19_10_31_39","5","1","10",35.6,2.67441207473654,"AmuB2"
"66","Alkalinity_preT7_5_03_08_19_10_38_03","6","1","10",35.6,2.66230359318111,"AmuA2"
"67","Alkalinity_preT7_5_03_08_19_10_45_05","7","1","10",35.6,2.65742175211391,"PloB2"
"68","Alkalinity_preT7_5_03_08_19_10_51_55","8","1","10",35.6,2.65873374620538,"PloC2"
"69","Alkalinity_preT7_5_03_08_19_10_58_13","9","1","10",35.6,2.6661366632453,"PloD2"
"70","Alkalinity_preT7_5_03_08_19_11_04_37","10","1","10",35.6,2.67308608172361,"control"
"71","Alkalinity_preT7_5_03_08_19_11_59_19","1","2","10",35.6,2.61424920066384,"PveF4"
"72","Alkalinity_preT7_5_03_08_19_12_06_28","2","2","10",35.6,2.59740168317072,"PveA4"
"73","Alkalinity_preT7_5_03_08_19_12_14_20","3","2","10",35.6,2.60569255575994,"PveB4"
"74","Alkalinity_preT7_5_03_08_19_12_23_33","4","2","10",35.6,2.63107992269573,"AmuD3"
"75","Alkalinity_preT7_5_03_08_19_12_30_04","5","2","10",35.6,2.64632178226647,"AmuB4"
"76","Alkalinity_preT7_5_03_08_19_12_36_12","6","2","10",35.6,2.6310140678825,"AmuA3"
"77","Alkalinity_preT7_5_03_08_19_12_42_50","7","2","10",35.6,2.63551123608856,"PloB3"
"78","Alkalinity_preT7_5_03_08_19_12_49_03","8","2","10",35.6,2.63387755630027,"PloC3"
"79","Alkalinity_preT7_5_03_08_19_12_55_38","9","2","10",35.6,2.6378467303676,"PloD3"
"80","Alkalinity_preT7_5_03_08_19_13_02_20","10","2","10",35.6,2.64049051559165,"control"
"81","Alkalinity_preT7_5_03_08_19_13_55_53","1","3","10",35.6,2.56197471795069,"PveF1"
"82","Alkalinity_preT7_5_03_08_19_14_05_14","2","3","10",35.6,2.56886393302995,"PveA1"
"83","Alkalinity_preT7_5_03_08_19_14_12_49","3","3","10",35.6,2.56066931069469,"PveB1"
"84","Alkalinity_preT7_5_03_08_19_14_19_11","4","3","10",35.6,2.60517407305474,"AmuD1"
"85","Alkalinity_preT7_5_03_08_19_14_26_16","5","3","10",35.6,2.61032678656931,"AmuB1"
"86","Alkalinity_preT7_5_03_08_19_14_33_02","6","3","10",35.6,2.59807954626856,"AmuA1"
"87","Alkalinity_preT7_5_03_08_19_14_39_45","7","3","10",35.6,2.59341137188162,"PloB1"
"88","Alkalinity_preT7_5_03_08_19_14_47_02","8","3","10",35.6,2.59170336043828,"PloC1"
"89","Alkalinity_preT7_5_03_08_19_14_54_39","9","3","10",35.6,2.58680798204862,"PloD1"
"90","Alkalinity_preT7_5_03_08_19_15_03_03","10","3","10",35.6,2.61714487448647,"control"
"91","Alkalinity_preT7_5_05_08_19_09_33_46","1","1","11",35.5,2.54136521756603,"PdaA2"
"92","Alkalinity_preT7_5_05_08_19_09_42_52","2","1","11",35.5,2.52621958437914,"PdaB2"
"93","Alkalinity_preT7_5_05_08_19_09_55_11","4","1","11",35.5,2.53811526826594,"AcyB3"
"94","Alkalinity_preT7_5_05_08_19_10_02_27","5","1","11",35.5,2.55239039238556,"AcyD2"
"95","Alkalinity_preT7_5_05_08_19_10_08_47","6","1","11",35.5,2.54784883894831,"AcyA2"
"96","Alkalinity_preT7_5_05_08_19_10_15_06","7","1","11",35.5,2.53674448939739,"PcyB2"
"97","Alkalinity_preT7_5_05_08_19_10_21_07","8","1","11",35.5,2.55050162413595,"PcyC3"
"98","Alkalinity_preT7_5_05_08_19_10_29_27","9","1","11",35.5,2.52749008082134,"PcyA2"
"99","Alkalinity_preT7_5_05_08_19_10_37_34","10","1","11",35.5,2.54399079524619,"control"
"100","Alkalinity_preT7_5_05_08_19_11_29_06","1","2","11",35.5,2.52906687588496,"PdaA4"
"101","Alkalinity_preT7_5_05_08_19_11_41_05","2","2","11",35.5,2.4999982216786,"PdaB4"
"102","Alkalinity_preT7_5_05_08_19_11_48_31","3","2","11",35.5,2.5224755012002,"PdaD4"
"103","Alkalinity_preT7_5_05_08_19_11_55_07","4","2","11",35.5,2.54011610770984,"AcyB4"
"104","Alkalinity_preT7_5_05_08_19_12_03_11","5","2","11",35.5,2.53881315609831,"AcyD3"
"105","Alkalinity_preT7_5_05_08_19_12_10_02","6","2","11",35.5,2.54377988783629,"AcyA3"
"106","Alkalinity_preT7_5_05_08_19_12_16_27","7","2","11",35.5,2.52377120527766,"PcyB4"
"107","Alkalinity_preT7_5_05_08_19_12_22_38","8","2","11",35.5,2.53242884893013,"PcyC4"
"108","Alkalinity_preT7_5_05_08_19_12_28_45","9","2","11",35.5,2.53132149340979,"PcyA4"
"109","Alkalinity_preT7_5_05_08_19_12_34_38","10","2","11",35.5,2.53448230404203,"control"
"110","Alkalinity_preT7_5_05_08_19_13_25_13","1","3","11",35.5,2.56182348391897,"PdaA1"
"111","Alkalinity_preT7_5_05_08_19_13_42_59","2","3","11",35.5,2.53787135803248,"PdaB1"
"112","Alkalinity_preT7_5_05_08_19_13_50_32","3","3","11",35.5,2.5577887757856,"PdaD1"
"113","Alkalinity_preT7_5_05_08_19_13_57_37","4","3","11",35.5,2.55653852048242,"AcyB1"
"114","Alkalinity_preT7_5_05_08_19_14_05_16","5","3","11",35.5,2.56153643415788,"AcyD1"
"115","Alkalinity_preT7_5_05_08_19_14_11_51","6","3","11",35.5,2.56558840506151,"AcyA1"
"116","Alkalinity_preT7_5_05_08_19_14_18_20","7","3","11",35.5,2.55022531830397,"PcyB1"
"117","Alkalinity_preT7_5_05_08_19_14_24_33","8","3","11",35.5,2.55322954504432,"PcyC1"
"118","Alkalinity_preT7_5_05_08_19_14_30_41","9","3","11",35.5,2.56091856444157,"PcyA1"
"119","Alkalinity_preT7_5_05_08_19_14_37_13","10","3","11",35.5,2.56387687878378,"control"
"120","Alkalinity_preT7_5_06_08_19_09_59_33","1","1","12",35.6,2.58184771522236,"SpiA2"
"121","Alkalinity_preT7_5_06_08_19_10_07_25","2","1","12",35.6,2.57081538502582,"SpiB2"
"122","Alkalinity_preT7_5_06_08_19_10_14_16","3","1","12",35.6,2.58543545883855,"SpiD2"
"123","Alkalinity_preT7_5_06_08_19_10_22_15","4","1","12",35.6,2.5838840673245,"MdiC3"
"124","Alkalinity_preT7_5_06_08_19_10_28_12","5","1","12",35.6,2.59759195130579,"MdiA3"
"125","Alkalinity_preT7_5_06_08_19_10_35_32","6","1","12",35.6,2.59558424623606,"MdiD3"
"126","Alkalinity_preT7_5_06_08_19_10_41_43","7","1","12",35.6,2.60493632505317,"PruD3"
"127","Alkalinity_preT7_5_06_08_19_10_48_09","8","1","12",35.6,2.6061876787649,"PruE3"
"128","Alkalinity_preT7_5_06_08_19_10_54_27","9","1","12",35.6,2.60937430672599,"PruA3"
"129","Alkalinity_preT7_5_06_08_19_11_02_23","10","1","12",35.6,2.60642385616657,"control"
"130","Alkalinity_preT7_5_06_08_19_11_44_51","1","2","12",35.6,2.55111779241826,"SpiA4"
"131","Alkalinity_preT7_5_06_08_19_11_54_34","2","2","12",35.6,2.56685008286711,"SpiB3"
"132","Alkalinity_preT7_5_06_08_19_12_02_50","3","2","12",35.6,2.56903264537224,"SpiD4"
"133","Alkalinity_preT7_5_06_08_19_12_09_42","4","2","12",35.6,2.57379447285572,"MdiC4"
"134","Alkalinity_preT7_5_06_08_19_12_15_30","5","2","12",35.6,2.57664234548898,"MdiA4"
"135","Alkalinity_preT7_5_06_08_19_12_22_11","6","2","12",35.6,2.57801232236367,"MdiD4"
"136","Alkalinity_preT7_5_06_08_19_12_31_09","7","2","12",35.6,2.59131624064089,"PruD4"
"137","Alkalinity_preT7_5_06_08_19_12_37_32","8","2","12",35.6,2.60576167366864,"PruE4"
"138","Alkalinity_preT7_5_06_08_19_12_43_49","9","2","12",35.6,2.60527446699864,"PruA4"
"139","Alkalinity_preT7_5_06_08_19_12_50_23","10","2","12",35.6,2.60457209194349,"control"
"140","Alkalinity_preT7_5_06_08_19_13_42_39","1","3","12",35.6,2.54185665729623,"SpiA1"
"141","Alkalinity_preT7_5_06_08_19_13_54_28","2","3","12",35.6,2.52405153015306,"SpiB1"
"142","Alkalinity_preT7_5_06_08_19_14_01_33","3","3","12",35.6,2.56334644543404,"SpiD1"
"143","Alkalinity_preT7_5_06_08_19_14_07_47","4","3","12",35.6,2.57336282865237,"MdiC1"
"144","Alkalinity_preT7_5_06_08_19_14_14_56","5","3","12",35.6,2.57002983736907,"MdiA1"
"145","Alkalinity_preT7_5_06_08_19_14_21_34","6","3","12",35.6,2.57343497478679,"MdiD1"
"146","Alkalinity_preT7_5_06_08_19_14_28_25","7","3","12",35.6,2.5889338536912,"PruD1"
"147","Alkalinity_preT7_5_06_08_19_14_34_38","8","3","12",35.6,2.58499669200645,"PruE2"
"148","Alkalinity_preT7_5_06_08_19_14_41_14","9","3","12",35.6,2.58556968179496,"PruA1"
"149","Alkalinity_preT7_5_06_08_19_14_47_30","10","3","12",35.6,2.58555801394452,"control"
"150","Alkalinity_preT7_5_07_08_19_09_38_56","1","1","13",35.6,2.55486123666991,"PveF1_MdiC1_PruD1"
"151","Alkalinity_preT7_5_07_08_19_09_51_05","2","1","13",35.6,2.55629856413579,"PveA1_MdiA1_PruE2"
"152","Alkalinity_preT7_5_07_08_19_09_57_28","3","1","13",35.6,2.54408688136194,"PveB1_MdiD1_PruA1"
"153","Alkalinity_preT7_5_07_08_19_10_05_52","4","1","13",35.6,2.60702942529794,"PdaA1_AmuD1_PloB1"
"154","Alkalinity_preT7_5_07_08_19_10_12_27","5","1","13",35.6,2.59328981871991,"PdaB1_AmuB1_PloC1"
"155","Alkalinity_preT7_5_07_08_19_10_19_09","6","1","13",35.6,2.60746234702157,"PdaD1_AmuA1_PloD1"
"156","Alkalinity_preT7_5_07_08_19_10_25_43","7","1","13",35.6,2.58421664727934,"SpiA1_AcyB1_PcyB1"
"157","Alkalinity_preT7_5_07_08_19_10_31_23","8","1","13",35.6,2.57513981024764,"SpiB1_AcyD1_PcyC1"
"158","Alkalinity_preT7_5_07_08_19_10_38_11","9","1","13",35.6,2.6210085187272,"SpiD1_AcyA1_PcyA1"
"159","Alkalinity_preT7_5_07_08_19_10_46_03","10","1","13",35.6,2.62981908074804,"control"
"160","Alkalinity_preT7_5_07_08_19_11_28_51","1","2","13",35.6,2.52708063816989,"PveF3_MdiC3_PruD3"
"161","Alkalinity_preT7_5_07_08_19_11_40_51","2","2","13",35.6,2.54749887748668,"PveA2_MdiA3_PruE3"
"162","Alkalinity_preT7_5_07_08_19_11_47_46","3","2","13",35.6,2.52433459933679,"PveB3_MdiD3_PruA3"
"163","Alkalinity_preT7_5_07_08_19_11_54_44","4","2","13",35.6,2.60479309949131,"PdaA2_AmuD2_PloB2"
"164","Alkalinity_preT7_5_07_08_19_12_02_24","5","2","13",35.6,2.56794009586667,"PdaB2_AmuB2_PloC2"
"165","Alkalinity_preT7_5_07_08_19_12_08_28","6","2","13",35.6,2.5900803787106,"PdaD2_AmuA2_PloD2"
"166","Alkalinity_preT7_5_07_08_19_12_18_19","7","2","13",35.6,2.57580743775632,"SpiA2_AcyB3_PcyB2"
"167","Alkalinity_preT7_5_07_08_19_12_25_10","8","2","13",35.6,2.58181471002469,"SpiB2_AcyD2_PcyC3"
"168","Alkalinity_preT7_5_07_08_19_12_31_28","9","2","13",35.6,2.57601179881583,"SpiD2_AcyA2_PcyA2"
"169","Alkalinity_preT7_5_07_08_19_12_37_40","10","2","13",35.6,2.61928164865577,"control"
"170","Alkalinity_preT7_5_07_08_19_13_28_32","1","3","13",35.6,2.51234704227818,"PveF4_MdiC4_PruD4"
"171","Alkalinity_preT7_5_07_08_19_13_40_09","2","3","13",35.6,2.51218642827753,"PveA4_MdiA4_PruE4"
"172","Alkalinity_preT7_5_07_08_19_13_48_11","3","3","13",35.6,2.514578668563,"PveB4_MdiD4_PruA4"
"173","Alkalinity_preT7_5_07_08_19_13_54_39","4","3","13",35.6,2.57209331621744,"PdaA4_AmuD3_PloB3"
"174","Alkalinity_preT7_5_07_08_19_14_01_54","5","3","13",35.6,2.55389969043576,"PdaB4_AmuB4_PloC3"
"175","Alkalinity_preT7_5_07_08_19_14_08_42","6","3","13",35.6,2.56225052807148,"PdaD4_AmuA3_PloD3"
"176","Alkalinity_preT7_5_07_08_19_14_15_32","7","3","13",35.6,2.53978870125367,"SpiA4_AcyB4_PcyB4"
"177","Alkalinity_preT7_5_07_08_19_14_22_07","8","3","13",35.6,2.58168826231531,"SpiB3_AcyD3_PcyC4"
"178","Alkalinity_preT7_5_07_08_19_14_28_09","9","3","13",35.6,2.56224231405479,"SpiD4_AcyA3_PcyA4"
"179","Alkalinity_preT7_5_07_08_19_14_37_24","10","3","13",35.6,2.58450098388871,"control"
"180","Alkalinity_preT7_5_08_08_19_09_21_27","1","1","14",35.6,2.52462687693054,"PveF1_PveA2_PveB4"
"181","Alkalinity_preT7_5_08_08_19_09_30_24","2","1","14",35.6,2.5918380237274,"PdaA1_PdaB2_PdaD4"
"182","Alkalinity_preT7_5_08_08_19_09_42_00","3","1","14",35.6,2.51953016865434,"SpiA1_SpiB2_SpiD4"
"183","Alkalinity_preT7_5_08_08_19_09_48_38","4","1","14",35.6,2.60226910254112,"AmuD1_AmuB2_AmuA3"
"184","Alkalinity_preT7_5_08_08_19_09_55_41","5","1","14",35.6,2.63280946678013,"AcyB1_AcyD2_AcyA3"
"185","Alkalinity_preT7_5_08_08_19_10_03_06","6","1","14",35.6,2.54411530427228,"MdiC1_MdiA3_MdiD4"
"186","Alkalinity_preT7_5_08_08_19_10_09_51","7","1","14",35.6,2.59842747546102,"PloB1_PloC2_PloD3"
"187","Alkalinity_preT7_5_08_08_19_10_16_18","8","1","14",35.6,2.59658169756853,"PcyB1_PcyC3_PcyA4"
"188","Alkalinity_preT7_5_08_08_19_10_23_30","9","1","14",35.6,2.61309367505098,"PruD1_PruE3_PruA4"
"189","Alkalinity_preT7_5_08_08_19_10_31_02","10","1","14",35.6,2.62394914670701,"control"
"190","Alkalinity_preT7_5_08_08_19_11_32_28","1","2","14",35.6,2.49362480276576,"PveF3_PveA4_PveB1"
"191","Alkalinity_preT7_5_08_08_19_11_39_28","2","2","14",35.6,2.59032986490477,"PdaA2_PdaB4_PdaD1"
"192","Alkalinity_preT7_5_08_08_19_11_48_38","3","2","14",35.6,2.5148304449941,"SpiA2_SpiB3_SpiD1"
"193","Alkalinity_preT7_5_08_08_19_11_55_17","4","2","14",35.6,2.59734375607307,"AmuD2_AmuB4_AmuA1"
"194","Alkalinity_preT7_5_08_08_19_12_01_32","5","2","14",35.6,2.62152593632168,"AcyB3_AcyD3_AcyA1"
"195","Alkalinity_preT7_5_08_08_19_12_08_03","6","2","14",35.6,2.55455231851085,"MdiC3_MdiA4_MdiD1"
"196","Alkalinity_preT7_5_08_08_19_12_14_15","7","2","14",35.6,2.59557361536603,"PloB2_PloC3_PloD1"
"197","Alkalinity_preT7_5_08_08_19_12_20_29","8","2","14",35.6,2.59506483142041,"PcyB2_PcyC4_PcyA1"
"198","Alkalinity_preT7_5_08_08_19_12_26_56","9","2","14",35.6,2.59441226256282,"PruD3_PruE4_PruA1"
"199","Alkalinity_preT7_5_08_08_19_12_33_34","10","2","14",35.6,2.62382765575589,"control"
"200","Alkalinity_preT7_5_08_08_19_13_24_30","1","3","14",35.6,2.47632995396339,"PveF4_PveA1_PveB3"
"201","Alkalinity_preT7_5_08_08_19_13_32_08","2","3","14",35.6,2.57035045087227,"PdaA4_PdaB1_PdaD2"
"202","Alkalinity_preT7_5_08_08_19_13_40_31","3","3","14",35.6,2.46819835434569,"SpiA4_SpiB1_SpiD2"
"203","Alkalinity_preT7_5_08_08_19_13_48_23","4","3","14",35.6,2.60175098665019,"AmuD3_AmuB1_AmuA2"
"204","Alkalinity_preT7_5_08_08_19_13_54_19","5","3","14",35.6,2.60822240615332,"AcyB4_AcyD1_AcyA2"
"205","Alkalinity_preT7_5_08_08_19_14_01_13","6","3","14",35.6,2.54504726753797,"MdiC4_MdiA1_MdiD3"
"206","Alkalinity_preT7_5_08_08_19_14_07_18","7","3","14",35.6,2.57256274497825,"PloB3_PloC1_PloD2"
"207","Alkalinity_preT7_5_08_08_19_14_14_43","8","3","14",35.6,2.56649934326485,"PcyB4_PcyC1_PcyA2"
"208","Alkalinity_preT7_5_08_08_19_14_21_12","9","3","14",35.6,2.60114035888297,"PruD4_PruE2_PruA3"
"209","Alkalinity_preT7_5_08_08_19_14_27_34","10","3","14",35.6,2.60803365504036,"control"
"210","Alkalinity_preT7_5_09_08_19_09_25_01","1","1","15",35.6,2.59949348169942,"PveF4"
"211","Alkalinity_preT7_5_09_08_19_09_39_02","2","1","15",35.6,2.57986007557094,"PveA4"
"212","Alkalinity_preT7_5_09_08_19_09_46_15","3","1","15",35.6,2.59354561047808,"PveB4"
"213","Alkalinity_preT7_5_09_08_19_09_53_38","4","1","15",35.6,2.62774824013287,"AmuD3"
"214","Alkalinity_preT7_5_09_08_19_10_01_01","5","1","15",35.6,2.62373892860645,"AmuB4"
"215","Alkalinity_preT7_5_09_08_19_10_13_24","6","1","15",35.6,2.61520088086599,"AmuA3"
"216","Alkalinity_preT7_5_09_08_19_10_19_38","7","1","15",35.6,2.61323273999906,"PloB3"
"217","Alkalinity_preT7_5_09_08_19_10_26_28","8","1","15",35.6,2.62334076218279,"PloC3"
"218","Alkalinity_preT7_5_09_08_19_10_32_58","9","1","15",35.6,2.6251007672809,"PloD3"
"219","Alkalinity_preT7_5_09_08_19_10_41_11","10","1","15",35.6,2.62290824102721,"control"
"220","Alkalinity_preT7_5_09_08_19_11_21_22","1","2","15",35.6,2.58301685319221,"PveF1"
"221","Alkalinity_preT7_5_09_08_19_11_32_58","2","2","15",35.6,2.57366850205657,"PveA1"
"222","Alkalinity_preT7_5_09_08_19_11_40_58","3","2","15",35.6,2.57963025800407,"PveB1"
"223","Alkalinity_preT7_5_09_08_19_11_47_32","4","2","15",35.6,2.62317089649895,"AmuD1"
"224","Alkalinity_preT7_5_09_08_19_11_53_51","5","2","15",35.6,2.61311605994631,"AmuB1"
"225","Alkalinity_preT7_5_09_08_19_12_01_29","6","2","15",35.6,2.61492889727968,"AmuA1"
"226","Alkalinity_preT7_5_09_08_19_12_44_27","8","2","15",35.6,2.61144384561946,"PloC1"
"227","Alkalinity_preT7_5_09_08_19_12_56_34","9","2","15",35.6,2.61825297145655,"PloD1"
"228","Alkalinity_preT7_5_09_08_19_13_04_22","10","2","15",35.6,2.61757042170147,"control"
"229","Alkalinity_preT7_5_09_08_19_13_33_43","1","3","15",35.6,2.53982921599309,"PveF3"
"230","Alkalinity_preT7_5_09_08_19_13_40_45","2","3","15",35.6,2.56382968952262,"PveA2"
"231","Alkalinity_preT7_5_09_08_19_13_47_39","3","3","15",35.6,2.570426368327,"PveB3"
"232","Alkalinity_preT7_5_09_08_19_13_55_11","4","3","15",35.6,2.58732788593441,"AmuD2"
"233","Alkalinity_preT7_5_09_08_19_14_02_13","5","3","15",35.6,2.59149459026516,"AmuB2"
"234","Alkalinity_preT7_5_09_08_19_14_09_05","6","3","15",35.6,2.58069051681449,"AmuA2"
"235","Alkalinity_preT7_5_09_08_19_14_15_12","7","3","15",35.6,2.58107509112827,"PloB2"
"236","Alkalinity_preT7_5_09_08_19_14_23_05","8","3","15",35.6,2.5766472914971,"PloC2"
"237","Alkalinity_preT7_5_09_08_19_14_30_06","9","3","15",35.6,2.59153783904035,"PloD2"
"238","Alkalinity_preT7_5_09_08_19_14_38_37","10","3","15",35.6,2.60390396839767,"control"
"239","Alkalinity_preT7_5_10_08_19_09_38_56","1","1","16",35.4,2.64155536855808,"PdaA4"
"240","Alkalinity_preT7_5_10_08_19_09_52_30","2","1","16",35.4,2.64227895913905,"PdaB4"
"241","Alkalinity_preT7_5_10_08_19_09_59_46","3","1","16",35.4,2.6463612404867,"PdaD4"
"242","Alkalinity_preT7_5_10_08_19_10_06_47","4","1","16",35.4,2.63484546117028,"AcyB4"
"243","Alkalinity_preT7_5_10_08_19_10_13_56","5","1","16",35.4,2.6433665256349,"AcyD3"
"244","Alkalinity_preT7_5_10_08_19_10_20_17","6","1","16",35.4,2.63737943555132,"AcyA3"
"245","Alkalinity_preT7_5_10_08_19_10_27_10","7","1","16",35.4,2.62954065056894,"PcyB4"
"246","Alkalinity_preT7_5_10_08_19_10_33_40","8","1","16",35.4,2.63264565404447,"PcyC4"
"247","Alkalinity_preT7_5_10_08_19_10_40_09","9","1","16",35.4,2.64405316499877,"PcyA4"
"248","Alkalinity_preT7_5_10_08_19_10_46_38","10","1","16",35.4,2.63984379638271,"control"
"249","Alkalinity_preT7_5_10_08_19_10_54_29","11","1","16",35.4,2.63517944156008,"PdaD2"
"250","Alkalinity_preT7_5_10_08_19_11_31_04","1","2","16",35.4,2.61323851702535,"PdaA1"
"251","Alkalinity_preT7_5_10_08_19_11_38_50","2","2","16",35.4,2.59776844223298,"PdaB1"
"252","Alkalinity_preT7_5_10_08_19_11_45_27","3","2","16",35.4,2.62156021592093,"PdaD1"
"253","Alkalinity_preT7_5_10_08_19_11_52_33","4","2","16",35.4,2.63350682556754,"AcyB1"
"254","Alkalinity_preT7_5_10_08_19_11_59_42","5","2","16",35.4,2.64376976835403,"AcyD1"
"255","Alkalinity_preT7_5_10_08_19_12_06_51","6","2","16",35.4,2.62750479291931,"AcyA1"
"256","Alkalinity_preT7_5_10_08_19_12_13_38","7","2","16",35.4,2.61559395579467,"PcyB1"
"257","Alkalinity_preT7_5_10_08_19_12_20_30","8","2","16",35.4,2.61838345309506,"PcyC1"
"258","Alkalinity_preT7_5_10_08_19_12_26_44","9","2","16",35.4,2.62367171045791,"PcyA1"
"259","Alkalinity_preT7_5_10_08_19_12_33_13","10","2","16",35.4,2.61871969840441,"control"
"260","Alkalinity_preT7_5_10_08_19_12_40_04","11","2","16",35.4,2.60349571781019,"PloB1"
"261","Alkalinity_preT7_5_10_08_19_13_25_46","1","3","16",35.4,2.59314879564002,"PdaA2"
"262","Alkalinity_preT7_5_10_08_19_13_34_06","2","3","16",35.4,2.57466208979487,"PdaB2"
"263","Alkalinity_preT7_5_10_08_19_13_40_04","3","3","16",35.4,2.5956197940693,"PdaD2"
"264","Alkalinity_preT7_5_10_08_19_13_46_20","4","3","16",35.4,2.59572567415769,"AcyB3"
"265","Alkalinity_preT7_5_10_08_19_13_53_00","5","3","16",35.4,2.60559896442458,"AcyD2"
"266","Alkalinity_preT7_5_10_08_19_13_59_10","6","3","16",35.4,2.60982460911128,"AcyA2"
"267","Alkalinity_preT7_5_10_08_19_14_05_03","7","3","16",35.4,2.59358453013716,"PcyB2"
"268","Alkalinity_preT7_5_10_08_19_14_11_48","8","3","16",35.4,2.60112961449142,"PcyC3"
"269","Alkalinity_preT7_5_10_08_19_14_19_24","9","3","16",35.4,2.59502076067429,"PcyA2"
"270","Alkalinity_preT7_5_10_08_19_14_26_07","10","3","16",35.4,2.60887817497296,"control"
"271","Alkalinity_preT7_5_12_08_19_09_36_31","1","1","17",35.5,2.59908643914312,"SpiA4"
"272","Alkalinity_preT7_5_12_08_19_09_43_15","2","1","17",35.5,2.61304826252907,"SpiB3"
"273","Alkalinity_preT7_5_12_08_19_09_51_35","3","1","17",35.5,2.6068032282076,"SpiD4"
"274","Alkalinity_preT7_5_12_08_19_09_57_55","4","1","17",35.5,2.62229557583207,"MdiC4"
"275","Alkalinity_preT7_5_12_08_19_10_07_26","5","1","17",35.5,2.62124038431482,"MdiA4"
"276","Alkalinity_preT7_5_12_08_19_10_16_00","6","1","17",35.5,2.61530489097881,"MdiD4"
"277","Alkalinity_preT7_5_12_08_19_10_22_36","7","1","17",35.5,2.62538091136933,"PruD4"
"278","Alkalinity_preT7_5_12_08_19_10_29_05","8","1","17",35.5,2.62585550206653,"PruE4"
"279","Alkalinity_preT7_5_12_08_19_10_35_41","9","1","17",35.5,2.62937843428715,"PruA4"
"280","Alkalinity_preT7_5_12_08_19_10_45_38","10","1","17",35.5,2.6400084516696,"control"
"281","Alkalinity_preT7_5_12_08_19_11_12_37","1","2","17",35.5,2.58667227644489,"SpiA1"
"282","Alkalinity_preT7_5_12_08_19_11_19_09","2","2","17",35.5,2.57009618108179,"SpiB1"
"283","Alkalinity_preT7_5_12_08_19_11_26_04","3","2","17",35.5,2.59171862875016,"SpiD1"
"284","Alkalinity_preT7_5_12_08_19_11_33_19","4","2","17",35.5,2.60218825901684,"MdiC1"
"285","Alkalinity_preT7_5_12_08_19_11_40_08","5","2","17",35.5,2.59249305127775,"MdiA1"
"286","Alkalinity_preT7_5_12_08_19_11_46_54","6","2","17",35.5,2.60703741114009,"MdiD1"
"287","Alkalinity_preT7_5_12_08_19_11_55_30","7","2","17",35.5,2.60014819659845,"PruD1"
"288","Alkalinity_preT7_5_12_08_19_12_02_06","8","2","17",35.5,2.62153791001561,"PruE2"
"289","Alkalinity_preT7_5_12_08_19_12_08_27","9","2","17",35.5,2.60976577047545,"PruA1"
"290","Alkalinity_preT7_5_12_08_19_12_15_11","10","2","17",35.5,2.63140420934341,"control"
"291","Alkalinity_preT7_5_12_08_19_13_08_05","1","3","17",35.5,2.57299369350482,"SpiA2"
"292","Alkalinity_preT7_5_12_08_19_13_19_38","2","3","17",35.5,2.54945504042811,"SpiB2"
"293","Alkalinity_preT7_5_12_08_19_13_26_25","3","3","17",35.5,2.57758340414735,"SpiD2"
"294","Alkalinity_preT7_5_12_08_19_13_33_14","4","3","17",35.5,2.59324781679892,"MdiC3"
"295","Alkalinity_preT7_5_12_08_19_13_40_12","5","3","17",35.5,2.69572512661006,"MdiA3"
"296","Alkalinity_preT7_5_12_08_19_13_47_09","6","3","17",35.5,2.5889156491763,"MdiD3"
"297","Alkalinity_preT7_5_12_08_19_13_54_09","7","3","17",35.5,2.5964970991235,"PruD3"
"298","Alkalinity_preT7_5_12_08_19_14_01_13","8","3","17",35.5,2.60825889473469,"PruE3"
"299","Alkalinity_preT7_5_12_08_19_14_11_14","9","3","17",35.5,2.6113930577657,"PruA3"
"300","Alkalinity_preT7_5_12_08_19_14_17_35","10","3","17",35.5,2.60820405203367,"control"
"301","Alkalinity_preT7_5_22_07_19_11_02_02","1","1","1",34,2.57611858497269,"PveF1"
"302","Alkalinity_preT7_5_22_07_19_11_08_45","2","1","1",34,2.56251142489574,"PveA1"
"303","Alkalinity_preT7_5_22_07_19_11_14_55","3","1","1",34,2.57553941876254,"PveB1"
"304","Alkalinity_preT7_5_22_07_19_11_21_07","4","1","1",34,2.59944969768404,"AmuD1"
"305","Alkalinity_preT7_5_22_07_19_11_27_18","5","1","1",34,2.59934978671922,"AmuB1"
"306","Alkalinity_preT7_5_22_07_19_11_33_28","6","1","1",34,2.58194506099953,"AmuA1"
"307","Alkalinity_preT7_5_22_07_19_11_39_49","7","1","1",34,2.59189006716046,"PloB1"
"308","Alkalinity_preT7_5_22_07_19_11_46_53","8","1","1",34,2.58816768747337,"PloC1"
"309","Alkalinity_preT7_5_22_07_19_11_52_44","9","1","1",34,2.59985103169874,"PloD1"
"310","Alkalinity_preT7_5_22_07_19_11_59_24","10","1","1",34,2.60022224949242,"control"
"311","Alkalinity_preT7_5_22_07_19_13_06_35","1","2","1",34,2.54601511731974,"PveF3"
"312","Alkalinity_preT7_5_22_07_19_13_12_23","2","2","1",34,2.56474907721676,"PveA2"
"313","Alkalinity_preT7_5_22_07_19_13_18_23","3","2","1",34,2.5487452040161,"PveB3"
"314","Alkalinity_preT7_5_22_07_19_13_25_51","4","2","1",34,2.5764853040602,"AmuD2"
"315","Alkalinity_preT7_5_22_07_19_13_33_40","5","2","1",34,2.58613330185746,"AmuB2"
"316","Alkalinity_preT7_5_22_07_19_13_40_51","6","2","1",34,2.57271227173789,"AmuA2"
"317","Alkalinity_preT7_5_22_07_19_13_46_36","7","2","1",34,2.56784797017937,"PloB2"
"318","Alkalinity_preT7_5_22_07_19_13_52_37","8","2","1",34,2.57694515580309,"PloC2"
"319","Alkalinity_preT7_5_22_07_19_13_58_54","9","2","1",34,2.58110121145208,"PloD2"
"320","Alkalinity_preT7_5_22_07_19_14_04_44","10","2","1",34,2.58297144732139,"control"
"321","Alkalinity_preT7_5_22_07_19_15_08_17","1","3","1",34,2.52712058730993,"PveF4"
"322","Alkalinity_preT7_5_22_07_19_15_13_42","2","3","1",34,2.51935973673597,"PveA4"
"323","Alkalinity_preT7_5_22_07_19_15_21_07","3","3","1",34,2.53401261287473,"PveB4"
"324","Alkalinity_preT7_5_22_07_19_15_26_49","4","3","1",34,2.56268612935832,"AmuD3"
"325","Alkalinity_preT7_5_22_07_19_15_33_43","5","3","1",34,2.55596712486326,"AmuB4"
"326","Alkalinity_preT7_5_22_07_19_15_39_24","6","3","1",34,2.55389222655828,"AmuA3"
"327","Alkalinity_preT7_5_22_07_19_15_46_03","7","3","1",34,2.54272130932789,"PloB3"
"328","Alkalinity_preT7_5_22_07_19_15_54_47","8","3","1",34,2.56245658068498,"PloC3"
"329","Alkalinity_preT7_5_22_07_19_16_00_24","9","3","1",34,2.56729397899689,"PloD3"
"330","Alkalinity_preT7_5_22_07_19_16_06_12","10","3","1",34,2.56465382441489,"control"
"331","Alkalinity_preT7_5_23_07_19_10_11_38","1","1","2",34.2,2.58546916251443,"PdaA1"
"332","Alkalinity_preT7_5_23_07_19_10_18_13","2","1","2",34.2,2.57759559772358,"PdaB1"
"333","Alkalinity_preT7_5_23_07_19_10_26_09","3","1","2",34.2,2.59442532687276,"PdaD1"
"334","Alkalinity_preT7_5_23_07_19_10_32_16","4","1","2",34.2,2.60248088997946,"AcyB1"
"335","Alkalinity_preT7_5_23_07_19_10_41_51","5","1","2",34.2,2.60586016479061,"AcyD1"
"336","Alkalinity_preT7_5_23_07_19_10_48_58","6","1","2",34.2,2.61055341704924,"AcyA1"
"337","Alkalinity_preT7_5_23_07_19_10_55_02","7","1","2",34.2,2.59957253529979,"PcyB1"
"338","Alkalinity_preT7_5_23_07_19_11_02_27","8","1","2",34.2,2.59370950977014,"PcyC1"
"339","Alkalinity_preT7_5_23_07_19_11_09_03","9","1","2",34.2,2.60348478552676,"PcyA1"
"340","Alkalinity_preT7_5_23_07_19_11_15_06","10","1","2",34.2,2.59997737444784,"control"
"341","Alkalinity_preT7_5_23_07_19_12_30_37","1","2","2",34.2,2.58715943115194,"PdaA2"
"342","Alkalinity_preT7_5_23_07_19_12_37_39","2","2","2",34.2,2.56353736451415,"PdaB2"
"343","Alkalinity_preT7_5_23_07_19_12_44_08","3","2","2",34.2,2.57898344238935,"PdaD2"
"344","Alkalinity_preT7_5_23_07_19_12_52_39","4","2","2",34.2,2.57916925395658,"AcyB3"
"345","Alkalinity_preT7_5_23_07_19_12_58_56","5","2","2",34.2,2.59658241253367,"AcyD2"
"346","Alkalinity_preT7_5_23_07_19_13_11_25","6","2","2",34.2,2.60311445741921,"AcyA2"
"347","Alkalinity_preT7_5_23_07_19_13_16_52","7","2","2",34.2,2.58274123147073,"PcyB2"
"348","Alkalinity_preT7_5_23_07_19_13_22_24","8","2","2",34.2,2.59737712032442,"PcyC3"
"349","Alkalinity_preT7_5_23_07_19_13_28_25","9","2","2",34.2,2.58519699699565,"PcyA2"
"350","Alkalinity_preT7_5_23_07_19_13_34_44","10","2","2",34.2,2.60083636348563,"control"
"351","Alkalinity_preT7_5_23_07_19_14_35_55","1","3","2",34.2,2.57305561814848,"PdaA4"
"352","Alkalinity_preT7_5_23_07_19_14_43_38","2","3","2",34.2,2.55386220149691,"PdaB4"
"353","Alkalinity_preT7_5_23_07_19_14_49_30","3","3","2",34.2,2.57574445032831,"PdaD4"
"354","Alkalinity_preT7_5_23_07_19_14_55_38","4","3","2",34.2,2.57355385016125,"AcyB4"
"355","Alkalinity_preT7_5_23_07_19_15_01_36","5","3","2",34.2,2.58024196927723,"AcyD3"
"356","Alkalinity_preT7_5_23_07_19_15_08_17","6","3","2",34.2,2.57687037826613,"AcyA3"
"357","Alkalinity_preT7_5_23_07_19_15_17_12","7","3","2",34.2,2.56620567084671,"PcyB4"
"358","Alkalinity_preT7_5_23_07_19_15_23_31","8","3","2",34.2,2.57253187732225,"PcyC4"
"359","Alkalinity_preT7_5_23_07_19_15_29_16","9","3","2",34.2,2.57693403000109,"PcyA4"
"360","Alkalinity_preT7_5_23_07_19_15_35_15","10","3","2",34.2,2.58318864031805,"control"
"361","Alkalinity_preT7_5_24_07_19_10_10_48","1","1","3",34.4,2.57389886288957,"SpiA1"
"362","Alkalinity_preT7_5_24_07_19_10_16_18","2","1","3",34.4,2.57137218098415,"SpiB1"
"363","Alkalinity_preT7_5_24_07_19_10_22_19","3","1","3",34.4,2.58580248589872,"SpiD1"
"364","Alkalinity_preT7_5_24_07_19_10_27_53","4","1","3",34.4,2.57785226326599,"MdiC1"
"365","Alkalinity_preT7_5_24_07_19_10_34_12","5","1","3",34.4,2.58043266594926,"MdiA1"
"366","Alkalinity_preT7_5_24_07_19_10_39_43","6","1","3",34.4,2.5813149522765,"MdiD1"
"367","Alkalinity_preT7_5_24_07_19_10_45_55","7","1","3",34.4,2.5944836695375,"PruD1"
"368","Alkalinity_preT7_5_24_07_19_10_54_38","8","1","3",34.4,2.58964592402341,"PruE2"
"369","Alkalinity_preT7_5_24_07_19_11_03_24","9","1","3",34.4,2.58420892561882,"PruA1"
"370","Alkalinity_preT7_5_24_07_19_11_09_15","10","1","3",34.4,2.60523354341755,"control"
"371","Alkalinity_preT7_5_24_07_19_12_24_29","1","2","3",34.4,2.56892593610784,"SpiA2"
"372","Alkalinity_preT7_5_24_07_19_12_30_49","2","2","3",34.4,2.57034418442543,"SpiB2"
"373","Alkalinity_preT7_5_24_07_19_12_37_57","3","2","3",34.4,2.56631935039605,"SpiD2"
"374","Alkalinity_preT7_5_24_07_19_12_43_41","4","2","3",34.4,2.57750216586187,"MdiC3"
"375","Alkalinity_preT7_5_24_07_19_12_49_51","5","2","3",34.4,2.58363641830273,"MdiA3"
"376","Alkalinity_preT7_5_24_07_19_12_56_54","6","2","3",34.4,2.57414673011929,"MdiD3"
"377","Alkalinity_preT7_5_24_07_19_13_02_28","7","2","3",34.4,2.58962544876985,"PruD3"
"378","Alkalinity_preT7_5_24_07_19_13_08_49","8","2","3",34.4,2.57945361494656,"PruE3"
"379","Alkalinity_preT7_5_24_07_19_13_15_01","9","2","3",34.4,2.59203251706672,"PruA3"
"380","Alkalinity_preT7_5_24_07_19_13_21_26","10","2","3",34.4,2.60351641863187,"control"
"381","Alkalinity_preT7_5_24_07_19_14_41_03","1","3","3",34.4,2.52943620114594,"SpiA4"
"382","Alkalinity_preT7_5_24_07_19_14_49_10","2","3","3",34.4,2.54875203728088,"SpiB3"
"383","Alkalinity_preT7_5_24_07_19_14_55_23","3","3","3",34.4,2.5572218175789,"SpiD4"
"384","Alkalinity_preT7_5_24_07_19_15_01_44","4","3","3",34.4,2.55432485393774,"MdiC4"
"385","Alkalinity_preT7_5_24_07_19_15_08_36","5","3","3",34.4,2.55687629426887,"MdiA4"
"386","Alkalinity_preT7_5_24_07_19_15_14_00","6","3","3",34.4,2.56296399825504,"MdiD4"
"387","Alkalinity_preT7_5_24_07_19_15_20_08","7","3","3",34.4,2.55667426158304,"PruD4"
"388","Alkalinity_preT7_5_24_07_19_15_25_43","8","3","3",34.4,2.57084694460402,"PruE4"
"389","Alkalinity_preT7_5_24_07_19_15_31_25","9","3","3",34.4,2.58186348290567,"PruA4"
"390","Alkalinity_preT7_5_24_07_19_15_37_04","10","3","3",34.4,2.58419615887173,"control"
"391","Alkalinity_preT7_5_26_07_19_10_31_50","1","1","4",34.6,2.52239069025973,"PveF1_PveF3_PveF4"
"392","Alkalinity_preT7_5_26_07_19_10_39_01","2","1","4",34.6,2.61643775100884,"PdaA1_PdaA2_PdaA4"
"393","Alkalinity_preT7_5_26_07_19_10_45_56","3","1","4",34.6,2.54582495540539,"SpiA1_SpiA2_SpiA4"
"394","Alkalinity_preT7_5_26_07_19_10_52_22","4","1","4",34.6,2.6125309365215,"AmuD1_AmuD2_AmuD3"
"395","Alkalinity_preT7_5_26_07_19_10_58_59","5","1","4",34.6,2.62545200389504,"AcyB1_AcyB3_AcyB4"
"396","Alkalinity_preT7_5_26_07_19_11_05_21","6","1","4",34.6,2.55892195680674,"MdiC1_MdiC3_MdiC4"
"397","Alkalinity_preT7_5_26_07_19_11_11_49","7","1","4",34.6,2.59408499432382,"PloB1_PloB2_PloB3"
"398","Alkalinity_preT7_5_26_07_19_11_21_58","8","1","4",34.6,2.5971557432142,"PcyB1_PcyB2_PcyB4"
"399","Alkalinity_preT7_5_26_07_19_11_28_11","9","1","4",34.6,2.60889976841809,"PruD1_PruD3_PruD4"
"400","Alkalinity_preT7_5_26_07_19_11_35_10","10","1","4",34.6,2.63259334879195,"control"
"401","Alkalinity_preT7_5_26_07_19_12_47_44","1","2","4",34.6,2.50879497685493,"PveA1_PveA2_PveA4"
"402","Alkalinity_preT7_5_26_07_19_12_55_07","2","2","4",34.6,2.53488979012905,"PdaB1_PdaB2_PdaB4"
"403","Alkalinity_preT7_5_26_07_19_13_02_13","3","2","4",34.6,2.50820471607594,"SpiB1_SpiB2_SpiB3"
"404","Alkalinity_preT7_5_26_07_19_13_07_58","4","2","4",34.6,2.62059584321653,"AmuB1_AmuB2_AmuB4"
"405","Alkalinity_preT7_5_26_07_19_13_15_32","5","2","4",34.6,2.54230825858305,"MdiA1_MdiA3_MdiA4"
"406","Alkalinity_preT7_5_26_07_19_13_24_14","6","2","4",34.6,2.5762158577547,"PloC1_PloC2_PloC3"
"407","Alkalinity_preT7_5_26_07_19_13_31_01","7","2","4",34.6,2.57584000325635,"PcyC1_PcyC3_PcyC4"
"408","Alkalinity_preT7_5_26_07_19_13_37_51","8","2","4",34.6,2.58230669587375,"PruE2_PruE3_PruE4"
"409","Alkalinity_preT7_5_26_07_19_13_44_57","9","2","4",34.6,2.62317225250089,"AcyD1_AcyD2_AcyD3"
"410","Alkalinity_preT7_5_26_07_19_13_53_14","10","2","4",34.6,2.60101085525096,"control"
"411","Alkalinity_preT7_5_26_07_19_15_25_58","1","3","4",34.6,2.46985974004544,"PveB1_PveB3_PveB4"
"412","Alkalinity_preT7_5_26_07_19_15_33_50","2","3","4",34.6,2.57385376629981,"PdaD1_PdaD2_PdaD4"
"413","Alkalinity_preT7_5_26_07_19_15_41_54","3","3","4",34.6,2.50774402304371,"SpiD1_SpiD2_SpiD4"
"414","Alkalinity_preT7_5_26_07_19_15_49_27","4","3","4",34.6,2.55135581603857,"AmuA1_AmuA2_AmuA3"
"415","Alkalinity_preT7_5_26_07_19_15_58_59","5","3","4",34.6,2.58957742009695,"AcyA1_AcyA2_AcyA3"
"416","Alkalinity_preT7_5_26_07_19_16_06_24","6","3","4",34.6,2.53588982088957,"MdiD1_MdiD3_MdiD4"
"417","Alkalinity_preT7_5_26_07_19_16_15_52","7","3","4",34.6,2.56195424795732,"PloD1_PloD2_PloD3"
"418","Alkalinity_preT7_5_26_07_19_16_23_43","8","3","4",34.6,2.55739193314682,"PcyA1_PcyA2_PcyA4"
"419","Alkalinity_preT7_5_26_07_19_16_30_56","9","3","4",34.6,2.56562121652923,"PruA1_PruA3_PruA4"
"420","Alkalinity_preT7_5_26_07_19_16_40_32","10","3","4",34.6,2.59141162293508,"control"
"421","Alkalinity_preT7_5_29_07_19_10_07_29","1","1","5",35,2.49116262146604,"PveF1_PveA1_PveB1"
"422","Alkalinity_preT7_5_29_07_19_10_22_08","2","1","5",35,2.59856809130213,"PdaA1_PdaB1_PdaD1"
"423","Alkalinity_preT7_5_29_07_19_10_31_11","3","1","5",35,2.55123624867933,"SpiA2_SpiB2_SpiD2"
"424","Alkalinity_preT7_5_29_07_19_10_38_12","4","1","5",35,2.60146049381564,"AmuD1_AmuB1_AmuA1"
"425","Alkalinity_preT7_5_29_07_19_10_53_48","6","1","5",35,2.569690399397,"MdiC1_MdiA1_MdiD1"
"426","Alkalinity_preT7_5_29_07_19_11_02_18","7","1","5",35,2.5982180936384,"PloB1_PloC1_PloD1"
"427","Alkalinity_preT7_5_29_07_19_11_09_22","8","1","5",35,2.59499424195998,"PcyB1_PcyC1_PcyA1"
"428","Alkalinity_preT7_5_29_07_19_11_18_04","9","1","5",35,2.59391332123093,"PruD1_PruE2_PruA1"
"429","Alkalinity_preT7_5_29_07_19_11_24_55","10","1","5",35,2.62151682294644,"control"
"430","Alkalinity_preT7_5_29_07_19_12_39_10","1","2","5",35,2.47288077270893,"PveF3_PveA2_PveB3"
"431","Alkalinity_preT7_5_29_07_19_12_46_15","2","2","5",35,2.56620359486545,"PdaA2_PdaB2_PdaD2"
"432","Alkalinity_preT7_5_29_07_19_12_53_30","3","2","5",35,2.52132319559837,"SpiB1_SpiB2_SpiB3"
"433","Alkalinity_preT7_5_29_07_19_13_01_35","4","2","5",35,2.58358663710042,"AmuD2_AmuB2_AmuA2"
"434","Alkalinity_preT7_5_29_07_19_13_08_27","5","2","5",35,2.60161475909716,"AcyB3_AcyD2_AcyA2"
"435","Alkalinity_preT7_5_29_07_19_13_15_30","6","2","5",35,2.55026110587807,"MdiC3_MdiA3_MdiD3"
"436","Alkalinity_preT7_5_29_07_19_13_21_55","7","2","5",35,2.58006966798717,"PloB2_PloC2_PloD2"
"437","Alkalinity_preT7_5_29_07_19_13_28_15","8","2","5",35,2.56766258264838,"PcyB2_PcyC3_PcyA2"
"438","Alkalinity_preT7_5_29_07_19_13_36_05","9","2","5",35,2.58399579306893,"PruD3_PruE3_PruA3"
"439","Alkalinity_preT7_5_29_07_19_13_42_56","10","2","5",35,2.60805440915078,"control"
"440","Alkalinity_preT7_5_29_07_19_14_53_59","1","3","5",35,2.46357231219283,"PveF4_PveA4_PveB4"
"441","Alkalinity_preT7_5_29_07_19_15_03_00","2","3","5",35,2.54207055288473,"PdaA4_PdaB4_PdaD4"
"442","Alkalinity_preT7_5_29_07_19_15_13_10","3","3","5",35,2.49235181263387,"SpiA4_SpiB3_SpiD4"
"443","Alkalinity_preT7_5_29_07_19_15_20_22","4","3","5",35,2.56315786571349,"AmuD3_AmuB4_AmuA3"
"444","Alkalinity_preT7_5_29_07_19_15_26_56","5","3","5",35,2.5793279685659,"AcyB4_AcyD3_AcyA3"
"445","Alkalinity_preT7_5_29_07_19_15_33_21","6","3","5",35,2.52694551059678,"MdiC4_MdiA4_MdiD4"
"446","Alkalinity_preT7_5_29_07_19_15_39_33","7","3","5",35,2.54577350585766,"PloB3_PloC3_PloD3"
"447","Alkalinity_preT7_5_29_07_19_15_46_45","8","3","5",35,2.55023635804138,"PcyB4_PcyC4_PcyA4"
"448","Alkalinity_preT7_5_29_07_19_15_54_12","9","3","5",35,2.53805095567215,"PruD4_PruE4_PruA4"
"449","Alkalinity_preT7_5_29_07_19_16_00_55","10","3","5",35,2.5779484051655,"control"
"450","Alkalinity_preT7_5_30_07_19_10_00_20","1","1","6",35.1,2.59570947525306,"PveF1_PdaA1_SpiA1"
"451","Alkalinity_preT7_5_30_07_19_10_11_31","2","1","6",35.1,2.56163093343188,"PveA1_PdaB1_SpiB1"
"452","Alkalinity_preT7_5_30_07_19_10_18_24","3","1","6",35.1,2.58898634065639,"PveB1_PdaD1_SpiD1"
"453","Alkalinity_preT7_5_30_07_19_10_26_53","4","1","6",35.1,2.64327448176417,"AmuD1_AcyB1_MdiC1"
"454","Alkalinity_preT7_5_30_07_19_10_34_39","5","1","6",35.1,2.64790512702161,"AmuB1_AcyD1_MdiA1"
"455","Alkalinity_preT7_5_30_07_19_10_41_47","6","1","6",35.1,2.63402480751891,"AmuA1_AcyA1_MdiD1"
"456","Alkalinity_preT7_5_30_07_19_10_49_04","7","1","6",35.1,2.63386461979945,"PloB1_PcyB1_PruD1"
"457","Alkalinity_preT7_5_30_07_19_10_55_46","8","1","6",35.1,2.63394937919599,"PloC1_PcyC1_PruE2"
"458","Alkalinity_preT7_5_30_07_19_11_03_18","9","1","6",35.1,2.63328549292484,"PloD1_PcyA1_PruA1"
"459","Alkalinity_preT7_5_30_07_19_11_16_57","10","1","6",35.1,2.67046561867549,"control"
"460","Alkalinity_preT7_5_30_07_19_12_20_24","1","2","6",35.1,2.55624457326425,"PveF3_PdaA2_SpiA2"
"461","Alkalinity_preT7_5_30_07_19_12_26_53","2","2","6",35.1,2.52076680550725,"PveA2_PdaB2_SpiB2"
"462","Alkalinity_preT7_5_30_07_19_12_33_49","3","2","6",35.1,2.5474660049717,"PveB3_PdaD2_SpiD2"
"463","Alkalinity_preT7_5_30_07_19_12_41_11","4","2","6",35.1,2.61131225856446,"AmuD2_AcyB3_MdiC3"
"464","Alkalinity_preT7_5_30_07_19_12_49_03","5","2","6",35.1,2.62327591797343,"AmuB2_AcyD2_MdiA3"
"465","Alkalinity_preT7_5_30_07_19_12_55_59","6","2","6",35.1,2.61166641240742,"AmuA2_AcyA2_MdiD3"
"466","Alkalinity_preT7_5_30_07_19_13_04_02","7","2","6",35.1,2.60752947131349,"PloB2_PcyB2_PruD3"
"467","Alkalinity_preT7_5_30_07_19_13_13_49","8","2","6",35.1,2.60839789751715,"PloC2_PcyC3_PruE3"
"468","Alkalinity_preT7_5_30_07_19_13_21_19","9","2","6",35.1,2.61005800169189,"PloD2_PcyA2_PruA3"
"469","Alkalinity_preT7_5_30_07_19_13_28_07","10","2","6",35.1,2.64594915691056,"control"
"470","Alkalinity_preT7_5_30_07_19_14_41_15","1","3","6",35.1,2.51962399285556,"PveF4_PdaA4_SpiA4"
"471","Alkalinity_preT7_5_30_07_19_14_47_45","2","3","6",35.1,2.51253280811398,"PveA4_PdaB4_SpiB3"
"472","Alkalinity_preT7_5_30_07_19_14_58_35","3","3","6",35.1,2.55621705198197,"PveB4_PdaD4_SpiD4"
"473","Alkalinity_preT7_5_30_07_19_15_05_25","4","3","6",35.1,2.59814750508763,"AmuD3_AcyB4_MdiC4"
"474","Alkalinity_preT7_5_30_07_19_15_12_55","5","3","6",35.1,2.61501566214593,"AmuB4_AcyD3_MdiA4"
"475","Alkalinity_preT7_5_30_07_19_15_20_15","6","3","6",35.1,2.5835325240874,"AmuA3_AcyA3_MdiD4"
"476","Alkalinity_preT7_5_30_07_19_15_26_57","7","3","6",35.1,2.60622659486065,"PloB3_PcyB4_PruD4"
"477","Alkalinity_preT7_5_30_07_19_15_36_06","8","3","6",35.1,2.59837822226745,"PloC3_PcyC4_PruE4"
"478","Alkalinity_preT7_5_30_07_19_15_43_26","9","3","6",35.1,2.59340025633656,"PloD3_PcyA4_PruA4"
"479","Alkalinity_preT7_5_30_07_19_15_50_36","10","3","6",35.1,2.622616426994,"control"
"480","Alkalinity_preT7_5_31_07_19_10_27_53","1","1","7",35.3,2.61191136817715,"PveF1_AmuD1_PloB1"
"481","Alkalinity_preT7_5_31_07_19_10_36_50","2","1","7",35.3,2.63685138108146,"PveA1_AmuB1_PloC1"
"482","Alkalinity_preT7_5_31_07_19_10_44_07","3","1","7",35.3,2.62646380247703,"PveB1_AmuA1_PloD1"
"483","Alkalinity_preT7_5_31_07_19_10_50_39","4","1","7",35.3,2.65033800516554,"PdaA1_AcyB1_PcyB1"
"484","Alkalinity_preT7_5_31_07_19_10_57_43","5","1","7",35.3,2.64790110345479,"PdaB1_AcyD1_PcyC1"
"485","Alkalinity_preT7_5_31_07_19_11_06_06","6","1","7",35.3,2.64495724694535,"PdaD1_AcyA1_PcyA1"
"486","Alkalinity_preT7_5_31_07_19_11_13_47","7","1","7",35.3,2.61829068144766,"SpiA1_MdiC1_PruD1"
"487","Alkalinity_preT7_5_31_07_19_11_21_28","8","1","7",35.3,2.5911649828239,"SpiB1_MdiA1_PruE2"
"488","Alkalinity_preT7_5_31_07_19_11_27_50","9","1","7",35.3,2.62273768011974,"SpiD1_MdiD1_PruA1"
"489","Alkalinity_preT7_5_31_07_19_11_34_34","10","1","7",35.3,2.66761380057953,"control"
"490","Alkalinity_preT7_5_31_07_19_12_38_24","1","2","7",35.3,2.58454197255682,"PveF3_AmuD2_PloB2"
"491","Alkalinity_preT7_5_31_07_19_12_46_18","2","2","7",35.3,2.59247684212494,"PveA2_AmuB2_PloC2"
"492","Alkalinity_preT7_5_31_07_19_12_53_09","3","2","7",35.3,2.58313093477433,"PveB3_AmuA2_PloD2"
"493","Alkalinity_preT7_5_31_07_19_13_00_58","4","2","7",35.3,2.63587816917764,"PdaA2_AcyB3_PcyB2"
"494","Alkalinity_preT7_5_31_07_19_13_10_28","5","2","7",35.3,2.61843843011202,"PdaB2_AcyD2_PcyC3"
"495","Alkalinity_preT7_5_31_07_19_13_17_47","6","2","7",35.3,2.62912784937593,"PdaD2_AcyA2_PcyA2"
"496","Alkalinity_preT7_5_31_07_19_13_25_21","7","2","7",35.3,2.59522286896147,"SpiA2_MdiC3_PruD3"
"497","Alkalinity_preT7_5_31_07_19_13_33_24","8","2","7",35.3,2.57001334047726,"SpiB2_MdiA3_PruE3"
"498","Alkalinity_preT7_5_31_07_19_13_39_58","9","2","7",35.3,2.59402210604604,"SpiD2_MdiD3_PruA3"
"499","Alkalinity_preT7_5_31_07_19_13_47_21","10","2","7",35.3,2.66242168746939,"control"
"500","Alkalinity_preT7_5_31_07_19_14_48_47","1","3","7",35.3,2.58270058948785,"PveF4_AmuD3_PloB3"
"501","Alkalinity_preT7_5_31_07_19_14_58_31","2","3","7",35.3,2.58166961752221,"PveA4_AmuB4_PloC3"
"502","Alkalinity_preT7_5_31_07_19_15_04_57","3","3","7",35.3,2.58840386405146,"PveB4_AmuA3_PloD3"
"503","Alkalinity_preT7_5_31_07_19_15_11_15","4","3","7",35.3,2.62526753162311,"PdaA4_AcyB4_PcyB4"
"504","Alkalinity_preT7_5_31_07_19_15_17_21","5","3","7",35.3,2.61530452573312,"PdaB4_AcyD3_PcyC4"
"505","Alkalinity_preT7_5_31_07_19_15_25_01","6","3","7",35.3,2.63375917062471,"PdaD4_AcyA3_PcyA4"
"506","Alkalinity_preT7_5_31_07_19_15_32_14","7","3","7",35.3,2.58239551137845,"SpiA4_MdiC4_PruD4"
"507","Alkalinity_preT7_5_31_07_19_15_39_21","8","3","7",35.3,2.59119994146885,"SpiB3_MdiA4_PruE4"
"508","Alkalinity_preT7_5_31_07_19_15_45_34","9","3","7",35.3,2.60646681169324,"SpiD4_MdiD4_PruA4"
"509","Alkalinity_preT7_5_31_07_19_15_52_14","10","3","7",35.3,2.6409396703435,"control"
